,date,prediction,explanation
0,2025-09-22,53.61904761904761,"        date     demand
0 2025-09-15  52.000000
1 2025-09-16  59.000000
2 2025-09-17  58.000000
3 2025-09-18  58.000000
4 2025-09-19  62.000000
5 2025-09-20  44.000000
6 2025-09-21  42.333333"
0,2025-09-23,52.0,"        date     demand
1 2025-09-16  59.000000
2 2025-09-17  58.000000
3 2025-09-18  58.000000
4 2025-09-19  62.000000
5 2025-09-20  44.000000
6 2025-09-21  42.333333
7 2025-09-22  40.666667"
0,2025-09-24,49.142857142857146,"        date     demand
2 2025-09-17  58.000000
3 2025-09-18  58.000000
4 2025-09-19  62.000000
5 2025-09-20  44.000000
6 2025-09-21  42.333333
7 2025-09-22  40.666667
8 2025-09-23  39.000000"
0,2025-09-25,46.142857142857146,"        date     demand
3 2025-09-18  58.000000
4 2025-09-19  62.000000
5 2025-09-20  44.000000
6 2025-09-21  42.333333
7 2025-09-22  40.666667
8 2025-09-23  39.000000
9 2025-09-24  37.000000"
0,2025-09-26,43.42857142857143,"         date     demand
4  2025-09-19  62.000000
5  2025-09-20  44.000000
6  2025-09-21  42.333333
7  2025-09-22  40.666667
8  2025-09-23  39.000000
9  2025-09-24  37.000000
10 2025-09-25  39.000000"
0,2025-09-27,45.142857142857146,"         date     demand
5  2025-09-20  44.000000
6  2025-09-21  42.333333
7  2025-09-22  40.666667
8  2025-09-23  39.000000
9  2025-09-24  37.000000
10 2025-09-25  39.000000
11 2025-09-26  74.000000"
0,2025-09-28,46.42857142857143,"         date     demand
6  2025-09-21  42.333333
7  2025-09-22  40.666667
8  2025-09-23  39.000000
9  2025-09-24  37.000000
10 2025-09-25  39.000000
11 2025-09-26  74.000000
12 2025-09-27  53.000000"
0,2025-09-29,43.38095238095237,"         date     demand
7  2025-09-22  40.666667
8  2025-09-23  39.000000
9  2025-09-24  37.000000
10 2025-09-25  39.000000
11 2025-09-26  74.000000
12 2025-09-27  53.000000
13 2025-09-28  21.000000"
0,2025-09-30,47.142857142857146,"         date  demand
8  2025-09-23    39.0
9  2025-09-24    37.0
10 2025-09-25    39.0
11 2025-09-26    74.0
12 2025-09-27    53.0
13 2025-09-28    21.0
14 2025-09-29    67.0"
0,2025-10-01,48.0,"         date  demand
9  2025-09-24    37.0
10 2025-09-25    39.0
11 2025-09-26    74.0
12 2025-09-27    53.0
13 2025-09-28    21.0
14 2025-09-29    67.0
15 2025-09-30    45.0"
0,2025-10-02,48.42857142857143,"         date  demand
10 2025-09-25    39.0
11 2025-09-26    74.0
12 2025-09-27    53.0
13 2025-09-28    21.0
14 2025-09-29    67.0
15 2025-09-30    45.0
16 2025-10-01    40.0"
0,2025-10-03,50.42857142857143,"         date  demand
11 2025-09-26    74.0
12 2025-09-27    53.0
13 2025-09-28    21.0
14 2025-09-29    67.0
15 2025-09-30    45.0
16 2025-10-01    40.0
17 2025-10-02    53.0"
0,2025-10-04,52.0,"         date  demand
12 2025-09-27    53.0
13 2025-09-28    21.0
14 2025-09-29    67.0
15 2025-09-30    45.0
16 2025-10-01    40.0
17 2025-10-02    53.0
18 2025-10-03    85.0"
0,2025-10-05,49.714285714285715,"         date  demand
13 2025-09-28    21.0
14 2025-09-29    67.0
15 2025-09-30    45.0
16 2025-10-01    40.0
17 2025-10-02    53.0
18 2025-10-03    85.0
19 2025-10-04    37.0"
0,2025-10-06,50.0,"         date  demand
14 2025-09-29    67.0
15 2025-09-30    45.0
16 2025-10-01    40.0
17 2025-10-02    53.0
18 2025-10-03    85.0
19 2025-10-04    37.0
20 2025-10-05    23.0"
0,2025-10-07,48.57142857142857,"         date  demand
15 2025-09-30    45.0
16 2025-10-01    40.0
17 2025-10-02    53.0
18 2025-10-03    85.0
19 2025-10-04    37.0
20 2025-10-05    23.0
21 2025-10-06    57.0"
0,2025-10-08,50.57142857142857,"         date  demand
16 2025-10-01    40.0
17 2025-10-02    53.0
18 2025-10-03    85.0
19 2025-10-04    37.0
20 2025-10-05    23.0
21 2025-10-06    57.0
22 2025-10-07    59.0"
0,2025-10-09,51.714285714285715,"         date  demand
17 2025-10-02    53.0
18 2025-10-03    85.0
19 2025-10-04    37.0
20 2025-10-05    23.0
21 2025-10-06    57.0
22 2025-10-07    59.0
23 2025-10-08    48.0"
0,2025-10-10,50.42857142857143,"         date  demand
18 2025-10-03    85.0
19 2025-10-04    37.0
20 2025-10-05    23.0
21 2025-10-06    57.0
22 2025-10-07    59.0
23 2025-10-08    48.0
24 2025-10-09    44.0"
0,2025-10-11,51.142857142857146,"         date  demand
19 2025-10-04    37.0
20 2025-10-05    23.0
21 2025-10-06    57.0
22 2025-10-07    59.0
23 2025-10-08    48.0
24 2025-10-09    44.0
25 2025-10-10    90.0"
0,2025-10-12,52.142857142857146,"         date  demand
20 2025-10-05    23.0
21 2025-10-06    57.0
22 2025-10-07    59.0
23 2025-10-08    48.0
24 2025-10-09    44.0
25 2025-10-10    90.0
26 2025-10-11    44.0"
0,2025-10-13,52.714285714285715,"         date  demand
21 2025-10-06    57.0
22 2025-10-07    59.0
23 2025-10-08    48.0
24 2025-10-09    44.0
25 2025-10-10    90.0
26 2025-10-11    44.0
27 2025-10-12    27.0"
0,2025-10-14,53.57142857142857,"         date  demand
22 2025-10-07    59.0
23 2025-10-08    48.0
24 2025-10-09    44.0
25 2025-10-10    90.0
26 2025-10-11    44.0
27 2025-10-12    27.0
28 2025-10-13    63.0"
0,2025-10-15,52.714285714285715,"         date  demand
23 2025-10-08    48.0
24 2025-10-09    44.0
25 2025-10-10    90.0
26 2025-10-11    44.0
27 2025-10-12    27.0
28 2025-10-13    63.0
29 2025-10-14    53.0"
0,2025-10-16,53.285714285714285,"         date  demand
24 2025-10-09    44.0
25 2025-10-10    90.0
26 2025-10-11    44.0
27 2025-10-12    27.0
28 2025-10-13    63.0
29 2025-10-14    53.0
30 2025-10-15    52.0"
0,2025-10-17,52.714285714285715,"         date  demand
25 2025-10-10    90.0
26 2025-10-11    44.0
27 2025-10-12    27.0
28 2025-10-13    63.0
29 2025-10-14    53.0
30 2025-10-15    52.0
31 2025-10-16    40.0"
0,2025-10-18,45.642857142857146,"         date  demand
26 2025-10-11    44.0
27 2025-10-12    27.0
28 2025-10-13    63.0
29 2025-10-14    53.0
30 2025-10-15    52.0
31 2025-10-16    40.0
32 2025-10-17    40.5"
0,2025-10-19,45.214285714285715,"         date  demand
27 2025-10-12    27.0
28 2025-10-13    63.0
29 2025-10-14    53.0
30 2025-10-15    52.0
31 2025-10-16    40.0
32 2025-10-17    40.5
33 2025-10-18    41.0"
0,2025-10-20,43.92857142857143,"         date  demand
28 2025-10-13    63.0
29 2025-10-14    53.0
30 2025-10-15    52.0
31 2025-10-16    40.0
32 2025-10-17    40.5
33 2025-10-18    41.0
34 2025-10-19    18.0"
0,2025-10-21,41.92857142857143,"         date  demand
29 2025-10-14    53.0
30 2025-10-15    52.0
31 2025-10-16    40.0
32 2025-10-17    40.5
33 2025-10-18    41.0
34 2025-10-19    18.0
35 2025-10-20    49.0"
0,2025-10-22,41.92857142857143,"         date  demand
30 2025-10-15    52.0
31 2025-10-16    40.0
32 2025-10-17    40.5
33 2025-10-18    41.0
34 2025-10-19    18.0
35 2025-10-20    49.0
36 2025-10-21    53.0"
0,2025-10-23,49.07142857142857,"         date  demand
31 2025-10-16    40.0
32 2025-10-17    40.5
33 2025-10-18    41.0
34 2025-10-19    18.0
35 2025-10-20    49.0
36 2025-10-21    53.0
37 2025-10-22   102.0"
0,2025-10-24,49.07142857142857,"         date  demand
31 2025-10-16    40.0
32 2025-10-17    40.5
33 2025-10-18    41.0
34 2025-10-19    18.0
35 2025-10-20    49.0
36 2025-10-21    53.0
37 2025-10-22   102.0"
0,2025-10-25,57.357142857142854,"         date  demand
32 2025-10-17    40.5
33 2025-10-18    41.0
34 2025-10-19    18.0
35 2025-10-20    49.0
36 2025-10-21    53.0
37 2025-10-22   102.0
38 2025-10-24    98.0"
0,2025-10-26,59.42857142857143,"         date  demand
33 2025-10-18    41.0
34 2025-10-19    18.0
35 2025-10-20    49.0
36 2025-10-21    53.0
37 2025-10-22   102.0
38 2025-10-24    98.0
39 2025-10-25    55.0"
0,2025-10-27,57.57142857142857,"         date  demand
34 2025-10-19    18.0
35 2025-10-20    49.0
36 2025-10-21    53.0
37 2025-10-22   102.0
38 2025-10-24    98.0
39 2025-10-25    55.0
40 2025-10-26    28.0"
0,2025-10-28,66.85714285714286,"         date  demand
35 2025-10-20    49.0
36 2025-10-21    53.0
37 2025-10-22   102.0
38 2025-10-24    98.0
39 2025-10-25    55.0
40 2025-10-26    28.0
41 2025-10-27    83.0"
0,2025-10-29,72.57142857142857,"         date  demand
36 2025-10-21    53.0
37 2025-10-22   102.0
38 2025-10-24    98.0
39 2025-10-25    55.0
40 2025-10-26    28.0
41 2025-10-27    83.0
42 2025-10-28    89.0"
0,2025-10-30,74.42857142857143,"         date  demand
37 2025-10-22   102.0
38 2025-10-24    98.0
39 2025-10-25    55.0
40 2025-10-26    28.0
41 2025-10-27    83.0
42 2025-10-28    89.0
43 2025-10-29    66.0"
0,2025-10-31,67.28571428571429,"         date  demand
38 2025-10-24    98.0
39 2025-10-25    55.0
40 2025-10-26    28.0
41 2025-10-27    83.0
42 2025-10-28    89.0
43 2025-10-29    66.0
44 2025-10-30    52.0"
0,2025-11-01,68.0,"         date  demand
39 2025-10-25    55.0
40 2025-10-26    28.0
41 2025-10-27    83.0
42 2025-10-28    89.0
43 2025-10-29    66.0
44 2025-10-30    52.0
45 2025-10-31   103.0"
0,2025-11-02,68.0,"         date  demand
39 2025-10-25    55.0
40 2025-10-26    28.0
41 2025-10-27    83.0
42 2025-10-28    89.0
43 2025-10-29    66.0
44 2025-10-30    52.0
45 2025-10-31   103.0"
0,2025-11-03,64.14285714285714,"         date  demand
40 2025-10-26    28.0
41 2025-10-27    83.0
42 2025-10-28    89.0
43 2025-10-29    66.0
44 2025-10-30    52.0
45 2025-10-31   103.0
46 2025-11-02    28.0"
0,2025-11-04,69.0,"         date  demand
41 2025-10-27    83.0
42 2025-10-28    89.0
43 2025-10-29    66.0
44 2025-10-30    52.0
45 2025-10-31   103.0
46 2025-11-02    28.0
47 2025-11-03    62.0"
0,2025-11-05,65.71428571428571,"         date  demand
42 2025-10-28    89.0
43 2025-10-29    66.0
44 2025-10-30    52.0
45 2025-10-31   103.0
46 2025-11-02    28.0
47 2025-11-03    62.0
48 2025-11-04    60.0"
0,2025-11-06,63.142857142857146,"         date  demand
43 2025-10-29    66.0
44 2025-10-30    52.0
45 2025-10-31   103.0
46 2025-11-02    28.0
47 2025-11-03    62.0
48 2025-11-04    60.0
49 2025-11-05    71.0"
0,2025-11-07,58.714285714285715,"         date  demand
44 2025-10-30    52.0
45 2025-10-31   103.0
46 2025-11-02    28.0
47 2025-11-03    62.0
48 2025-11-04    60.0
49 2025-11-05    71.0
50 2025-11-06    35.0"
0,2025-11-08,60.0,"         date  demand
45 2025-10-31   103.0
46 2025-11-02    28.0
47 2025-11-03    62.0
48 2025-11-04    60.0
49 2025-11-05    71.0
50 2025-11-06    35.0
51 2025-11-07    61.0"
0,2025-11-09,51.142857142857146,"         date  demand
46 2025-11-02    28.0
47 2025-11-03    62.0
48 2025-11-04    60.0
49 2025-11-05    71.0
50 2025-11-06    35.0
51 2025-11-07    61.0
52 2025-11-08    41.0"
0,2025-11-10,49.57142857142857,"         date  demand
47 2025-11-03    62.0
48 2025-11-04    60.0
49 2025-11-05    71.0
50 2025-11-06    35.0
51 2025-11-07    61.0
52 2025-11-08    41.0
53 2025-11-09    17.0"
0,2025-11-11,50.285714285714285,"         date  demand
48 2025-11-04    60.0
49 2025-11-05    71.0
50 2025-11-06    35.0
51 2025-11-07    61.0
52 2025-11-08    41.0
53 2025-11-09    17.0
54 2025-11-10    67.0"
0,2025-11-12,48.57142857142857,"         date  demand
49 2025-11-05    71.0
50 2025-11-06    35.0
51 2025-11-07    61.0
52 2025-11-08    41.0
53 2025-11-09    17.0
54 2025-11-10    67.0
55 2025-11-11    48.0"
0,2025-11-13,46.285714285714285,"         date  demand
50 2025-11-06    35.0
51 2025-11-07    61.0
52 2025-11-08    41.0
53 2025-11-09    17.0
54 2025-11-10    67.0
55 2025-11-11    48.0
56 2025-11-12    55.0"
0,2025-11-14,49.0,"         date  demand
51 2025-11-07    61.0
52 2025-11-08    41.0
53 2025-11-09    17.0
54 2025-11-10    67.0
55 2025-11-11    48.0
56 2025-11-12    55.0
57 2025-11-13    54.0"
0,2025-11-15,52.142857142857146,"         date  demand
52 2025-11-08    41.0
53 2025-11-09    17.0
54 2025-11-10    67.0
55 2025-11-11    48.0
56 2025-11-12    55.0
57 2025-11-13    54.0
58 2025-11-14    83.0"
0,2025-11-16,54.57142857142857,"         date  demand
53 2025-11-09    17.0
54 2025-11-10    67.0
55 2025-11-11    48.0
56 2025-11-12    55.0
57 2025-11-13    54.0
58 2025-11-14    83.0
59 2025-11-15    58.0"
0,2025-11-17,54.42857142857143,"         date  demand
54 2025-11-10    67.0
55 2025-11-11    48.0
56 2025-11-12    55.0
57 2025-11-13    54.0
58 2025-11-14    83.0
59 2025-11-15    58.0
60 2025-11-16    16.0"
0,2025-11-18,50.0,"         date  demand
55 2025-11-11    48.0
56 2025-11-12    55.0
57 2025-11-13    54.0
58 2025-11-14    83.0
59 2025-11-15    58.0
60 2025-11-16    16.0
61 2025-11-17    36.0"
0,2025-11-19,49.285714285714285,"         date  demand
56 2025-11-12    55.0
57 2025-11-13    54.0
58 2025-11-14    83.0
59 2025-11-15    58.0
60 2025-11-16    16.0
61 2025-11-17    36.0
62 2025-11-18    43.0"
0,2025-11-20,49.142857142857146,"         date  demand
57 2025-11-13    54.0
58 2025-11-14    83.0
59 2025-11-15    58.0
60 2025-11-16    16.0
61 2025-11-17    36.0
62 2025-11-18    43.0
63 2025-11-19    54.0"
0,2025-11-21,55.57142857142857,"         date  demand
58 2025-11-14    83.0
59 2025-11-15    58.0
60 2025-11-16    16.0
61 2025-11-17    36.0
62 2025-11-18    43.0
63 2025-11-19    54.0
64 2025-11-20    99.0"
0,2025-11-22,57.57142857142857,"         date  demand
59 2025-11-15    58.0
60 2025-11-16    16.0
61 2025-11-17    36.0
62 2025-11-18    43.0
63 2025-11-19    54.0
64 2025-11-20    99.0
65 2025-11-21    97.0"
0,2025-11-23,57.714285714285715,"         date  demand
60 2025-11-16    16.0
61 2025-11-17    36.0
62 2025-11-18    43.0
63 2025-11-19    54.0
64 2025-11-20    99.0
65 2025-11-21    97.0
66 2025-11-22    59.0"
0,2025-11-24,59.42857142857143,"         date  demand
61 2025-11-17    36.0
62 2025-11-18    43.0
63 2025-11-19    54.0
64 2025-11-20    99.0
65 2025-11-21    97.0
66 2025-11-22    59.0
67 2025-11-23    28.0"
0,2025-11-25,67.28571428571429,"         date  demand
62 2025-11-18    43.0
63 2025-11-19    54.0
64 2025-11-20    99.0
65 2025-11-21    97.0
66 2025-11-22    59.0
67 2025-11-23    28.0
68 2025-11-24    91.0"
0,2025-11-26,74.42857142857143,"         date  demand
63 2025-11-19    54.0
64 2025-11-20    99.0
65 2025-11-21    97.0
66 2025-11-22    59.0
67 2025-11-23    28.0
68 2025-11-24    91.0
69 2025-11-25    93.0"
0,2025-11-27,75.14285714285714,"         date  demand
64 2025-11-20    99.0
65 2025-11-21    97.0
66 2025-11-22    59.0
67 2025-11-23    28.0
68 2025-11-24    91.0
69 2025-11-25    93.0
70 2025-11-26    59.0"
0,2025-11-28,69.28571428571429,"         date  demand
65 2025-11-21    97.0
66 2025-11-22    59.0
67 2025-11-23    28.0
68 2025-11-24    91.0
69 2025-11-25    93.0
70 2025-11-26    59.0
71 2025-11-27    58.0"
0,2025-11-29,65.14285714285714,"         date  demand
66 2025-11-22    59.0
67 2025-11-23    28.0
68 2025-11-24    91.0
69 2025-11-25    93.0
70 2025-11-26    59.0
71 2025-11-27    58.0
72 2025-11-28    68.0"
0,2025-11-30,62.57142857142857,"         date  demand
67 2025-11-23    28.0
68 2025-11-24    91.0
69 2025-11-25    93.0
70 2025-11-26    59.0
71 2025-11-27    58.0
72 2025-11-28    68.0
73 2025-11-29    41.0"
0,2025-12-01,63.57142857142857,"         date  demand
68 2025-11-24    91.0
69 2025-11-25    93.0
70 2025-11-26    59.0
71 2025-11-27    58.0
72 2025-11-28    68.0
73 2025-11-29    41.0
74 2025-11-30    35.0"
0,2025-12-02,62.0,"         date  demand
69 2025-11-25    93.0
70 2025-11-26    59.0
71 2025-11-27    58.0
72 2025-11-28    68.0
73 2025-11-29    41.0
74 2025-11-30    35.0
75 2025-12-01    80.0"
0,2025-12-03,55.285714285714285,"         date  demand
70 2025-11-26    59.0
71 2025-11-27    58.0
72 2025-11-28    68.0
73 2025-11-29    41.0
74 2025-11-30    35.0
75 2025-12-01    80.0
76 2025-12-02    46.0"
0,2025-12-04,53.142857142857146,"         date  demand
71 2025-11-27    58.0
72 2025-11-28    68.0
73 2025-11-29    41.0
74 2025-11-30    35.0
75 2025-12-01    80.0
76 2025-12-02    46.0
77 2025-12-03    44.0"
0,2025-12-05,50.714285714285715,"         date  demand
72 2025-11-28    68.0
73 2025-11-29    41.0
74 2025-11-30    35.0
75 2025-12-01    80.0
76 2025-12-02    46.0
77 2025-12-03    44.0
78 2025-12-04    41.0"
0,2025-12-06,52.142857142857146,"         date  demand
73 2025-11-29    41.0
74 2025-11-30    35.0
75 2025-12-01    80.0
76 2025-12-02    46.0
77 2025-12-03    44.0
78 2025-12-04    41.0
79 2025-12-05    78.0"
0,2025-12-07,52.857142857142854,"         date  demand
74 2025-11-30    35.0
75 2025-12-01    80.0
76 2025-12-02    46.0
77 2025-12-03    44.0
78 2025-12-04    41.0
79 2025-12-05    78.0
80 2025-12-06    46.0"
0,2025-12-08,50.0,"         date  demand
75 2025-12-01    80.0
76 2025-12-02    46.0
77 2025-12-03    44.0
78 2025-12-04    41.0
79 2025-12-05    78.0
80 2025-12-06    46.0
81 2025-12-07    15.0"
0,2025-12-09,46.0,"         date  demand
76 2025-12-02    46.0
77 2025-12-03    44.0
78 2025-12-04    41.0
79 2025-12-05    78.0
80 2025-12-06    46.0
81 2025-12-07    15.0
82 2025-12-08    52.0"
0,2025-12-10,47.0,"         date  demand
77 2025-12-03    44.0
78 2025-12-04    41.0
79 2025-12-05    78.0
80 2025-12-06    46.0
81 2025-12-07    15.0
82 2025-12-08    52.0
83 2025-12-09    53.0"
0,2025-12-11,48.0,"         date  demand
78 2025-12-04    41.0
79 2025-12-05    78.0
80 2025-12-06    46.0
81 2025-12-07    15.0
82 2025-12-08    52.0
83 2025-12-09    53.0
84 2025-12-10    51.0"
0,2025-12-12,49.857142857142854,"         date  demand
79 2025-12-05    78.0
80 2025-12-06    46.0
81 2025-12-07    15.0
82 2025-12-08    52.0
83 2025-12-09    53.0
84 2025-12-10    51.0
85 2025-12-11    54.0"
0,2025-12-13,48.142857142857146,"         date  demand
80 2025-12-06    46.0
81 2025-12-07    15.0
82 2025-12-08    52.0
83 2025-12-09    53.0
84 2025-12-10    51.0
85 2025-12-11    54.0
86 2025-12-12    66.0"
0,2025-12-14,53.0,"         date  demand
81 2025-12-07    15.0
82 2025-12-08    52.0
83 2025-12-09    53.0
84 2025-12-10    51.0
85 2025-12-11    54.0
86 2025-12-12    66.0
87 2025-12-13    80.0"
0,2025-12-15,54.857142857142854,"         date  demand
82 2025-12-08    52.0
83 2025-12-09    53.0
84 2025-12-10    51.0
85 2025-12-11    54.0
86 2025-12-12    66.0
87 2025-12-13    80.0
88 2025-12-14    28.0"
0,2025-12-16,53.285714285714285,"         date  demand
83 2025-12-09    53.0
84 2025-12-10    51.0
85 2025-12-11    54.0
86 2025-12-12    66.0
87 2025-12-13    80.0
88 2025-12-14    28.0
89 2025-12-15    41.0"
0,2025-12-17,51.0,"         date  demand
84 2025-12-10    51.0
85 2025-12-11    54.0
86 2025-12-12    66.0
87 2025-12-13    80.0
88 2025-12-14    28.0
89 2025-12-15    41.0
90 2025-12-16    37.0"
0,2025-12-18,47.57142857142857,"         date  demand
85 2025-12-11    54.0
86 2025-12-12    66.0
87 2025-12-13    80.0
88 2025-12-14    28.0
89 2025-12-15    41.0
90 2025-12-16    37.0
91 2025-12-17    27.0"
0,2025-12-19,53.142857142857146,"         date  demand
86 2025-12-12    66.0
87 2025-12-13    80.0
88 2025-12-14    28.0
89 2025-12-15    41.0
90 2025-12-16    37.0
91 2025-12-17    27.0
92 2025-12-18    93.0"
0,2025-12-20,59.42857142857143,"         date  demand
87 2025-12-13    80.0
88 2025-12-14    28.0
89 2025-12-15    41.0
90 2025-12-16    37.0
91 2025-12-17    27.0
92 2025-12-18    93.0
93 2025-12-19   110.0"
0,2025-12-21,63.0,"         date  demand
88 2025-12-14    28.0
89 2025-12-15    41.0
90 2025-12-16    37.0
91 2025-12-17    27.0
92 2025-12-18    93.0
93 2025-12-19   110.0
94 2025-12-20   105.0"
0,2025-12-22,66.85714285714286,"         date  demand
89 2025-12-15    41.0
90 2025-12-16    37.0
91 2025-12-17    27.0
92 2025-12-18    93.0
93 2025-12-19   110.0
94 2025-12-20   105.0
95 2025-12-21    55.0"
0,2025-12-23,79.28571428571429,"         date  demand
90 2025-12-16    37.0
91 2025-12-17    27.0
92 2025-12-18    93.0
93 2025-12-19   110.0
94 2025-12-20   105.0
95 2025-12-21    55.0
96 2025-12-22   128.0"
0,2025-12-24,101.57142857142857,"         date  demand
91 2025-12-17    27.0
92 2025-12-18    93.0
93 2025-12-19   110.0
94 2025-12-20   105.0
95 2025-12-21    55.0
96 2025-12-22   128.0
97 2025-12-23   193.0"
0,2025-12-25,108.57142857142857,"         date  demand
92 2025-12-18    93.0
93 2025-12-19   110.0
94 2025-12-20   105.0
95 2025-12-21    55.0
96 2025-12-22   128.0
97 2025-12-23   193.0
98 2025-12-24    76.0"
0,2025-12-26,108.57142857142857,"         date  demand
92 2025-12-18    93.0
93 2025-12-19   110.0
94 2025-12-20   105.0
95 2025-12-21    55.0
96 2025-12-22   128.0
97 2025-12-23   193.0
98 2025-12-24    76.0"
0,2025-12-27,108.57142857142857,"         date  demand
92 2025-12-18    93.0
93 2025-12-19   110.0
94 2025-12-20   105.0
95 2025-12-21    55.0
96 2025-12-22   128.0
97 2025-12-23   193.0
98 2025-12-24    76.0"
0,2025-12-28,107.28571428571429,"         date  demand
93 2025-12-19   110.0
94 2025-12-20   105.0
95 2025-12-21    55.0
96 2025-12-22   128.0
97 2025-12-23   193.0
98 2025-12-24    76.0
99 2025-12-27    84.0"
0,2025-12-29,96.85714285714286,"          date  demand
94  2025-12-20   105.0
95  2025-12-21    55.0
96  2025-12-22   128.0
97  2025-12-23   193.0
98  2025-12-24    76.0
99  2025-12-27    84.0
100 2025-12-28    37.0"
0,2025-12-30,99.85714285714286,"          date  demand
95  2025-12-21    55.0
96  2025-12-22   128.0
97  2025-12-23   193.0
98  2025-12-24    76.0
99  2025-12-27    84.0
100 2025-12-28    37.0
101 2025-12-29   126.0"
0,2025-12-31,115.28571428571429,"          date  demand
96  2025-12-22   128.0
97  2025-12-23   193.0
98  2025-12-24    76.0
99  2025-12-27    84.0
100 2025-12-28    37.0
101 2025-12-29   126.0
102 2025-12-30   163.0"
0,2026-01-01,110.42857142857143,"          date  demand
97  2025-12-23   193.0
98  2025-12-24    76.0
99  2025-12-27    84.0
100 2025-12-28    37.0
101 2025-12-29   126.0
102 2025-12-30   163.0
103 2025-12-31    94.0"
0,2026-01-02,110.42857142857143,"          date  demand
97  2025-12-23   193.0
98  2025-12-24    76.0
99  2025-12-27    84.0
100 2025-12-28    37.0
101 2025-12-29   126.0
102 2025-12-30   163.0
103 2025-12-31    94.0"
0,2026-01-03,87.42857142857143,"          date  demand
98  2025-12-24    76.0
99  2025-12-27    84.0
100 2025-12-28    37.0
101 2025-12-29   126.0
102 2025-12-30   163.0
103 2025-12-31    94.0
104 2026-01-02    32.0"
0,2026-01-04,79.57142857142857,"          date  demand
99  2025-12-27    84.0
100 2025-12-28    37.0
101 2025-12-29   126.0
102 2025-12-30   163.0
103 2025-12-31    94.0
104 2026-01-02    32.0
105 2026-01-03    21.0"
0,2026-01-05,67.57142857142857,"          date  demand
100 2025-12-28    37.0
101 2025-12-29   126.0
102 2025-12-30   163.0
103 2025-12-31    94.0
104 2026-01-02    32.0
105 2026-01-03    21.0
106 2026-01-04     0.0"
0,2026-01-06,73.28571428571429,"          date  demand
101 2025-12-29   126.0
102 2025-12-30   163.0
103 2025-12-31    94.0
104 2026-01-02    32.0
105 2026-01-03    21.0
106 2026-01-04     0.0
107 2026-01-05    77.0"
0,2026-01-07,64.57142857142857,"          date  demand
102 2025-12-30   163.0
103 2025-12-31    94.0
104 2026-01-02    32.0
105 2026-01-03    21.0
106 2026-01-04     0.0
107 2026-01-05    77.0
108 2026-01-06    65.0"
0,2026-01-08,48.57142857142857,"          date  demand
103 2025-12-31    94.0
104 2026-01-02    32.0
105 2026-01-03    21.0
106 2026-01-04     0.0
107 2026-01-05    77.0
108 2026-01-06    65.0
109 2026-01-07    51.0"
0,2026-01-09,41.142857142857146,"          date  demand
104 2026-01-02    32.0
105 2026-01-03    21.0
106 2026-01-04     0.0
107 2026-01-05    77.0
108 2026-01-06    65.0
109 2026-01-07    51.0
110 2026-01-08    42.0"
0,2026-01-10,45.857142857142854,"          date  demand
105 2026-01-03    21.0
106 2026-01-04     0.0
107 2026-01-05    77.0
108 2026-01-06    65.0
109 2026-01-07    51.0
110 2026-01-08    42.0
111 2026-01-09    65.0"
0,2026-01-11,50.714285714285715,"          date  demand
106 2026-01-04     0.0
107 2026-01-05    77.0
108 2026-01-06    65.0
109 2026-01-07    51.0
110 2026-01-08    42.0
111 2026-01-09    65.0
112 2026-01-10    55.0"
0,2026-01-12,53.714285714285715,"          date  demand
107 2026-01-05    77.0
108 2026-01-06    65.0
109 2026-01-07    51.0
110 2026-01-08    42.0
111 2026-01-09    65.0
112 2026-01-10    55.0
113 2026-01-11    21.0"
0,2026-01-13,52.0,"          date  demand
108 2026-01-06    65.0
109 2026-01-07    51.0
110 2026-01-08    42.0
111 2026-01-09    65.0
112 2026-01-10    55.0
113 2026-01-11    21.0
114 2026-01-12    65.0"
0,2026-01-14,47.714285714285715,"          date  demand
109 2026-01-07    51.0
110 2026-01-08    42.0
111 2026-01-09    65.0
112 2026-01-10    55.0
113 2026-01-11    21.0
114 2026-01-12    65.0
115 2026-01-13    35.0"
0,2026-01-15,44.0,"          date  demand
110 2026-01-08    42.0
111 2026-01-09    65.0
112 2026-01-10    55.0
113 2026-01-11    21.0
114 2026-01-12    65.0
115 2026-01-13    35.0
116 2026-01-14    25.0"
0,2026-01-16,51.57142857142857,"          date  demand
111 2026-01-09    65.0
112 2026-01-10    55.0
113 2026-01-11    21.0
114 2026-01-12    65.0
115 2026-01-13    35.0
116 2026-01-14    25.0
117 2026-01-15    95.0"
0,2026-01-17,64.57142857142857,"          date  demand
112 2026-01-10    55.0
113 2026-01-11    21.0
114 2026-01-12    65.0
115 2026-01-13    35.0
116 2026-01-14    25.0
117 2026-01-15    95.0
118 2026-01-16   156.0"
0,2026-01-18,73.42857142857143,"          date  demand
113 2026-01-11    21.0
114 2026-01-12    65.0
115 2026-01-13    35.0
116 2026-01-14    25.0
117 2026-01-15    95.0
118 2026-01-16   156.0
119 2026-01-17   117.0"
0,2026-01-19,75.28571428571429,"          date  demand
114 2026-01-12    65.0
115 2026-01-13    35.0
116 2026-01-14    25.0
117 2026-01-15    95.0
118 2026-01-16   156.0
119 2026-01-17   117.0
120 2026-01-18    34.0"
0,2026-01-20,69.42857142857143,"          date  demand
115 2026-01-13    35.0
116 2026-01-14    25.0
117 2026-01-15    95.0
118 2026-01-16   156.0
119 2026-01-17   117.0
120 2026-01-18    34.0
121 2026-01-19    24.0"
0,2026-01-21,71.0,"          date  demand
116 2026-01-14    25.0
117 2026-01-15    95.0
118 2026-01-16   156.0
119 2026-01-17   117.0
120 2026-01-18    34.0
121 2026-01-19    24.0
122 2026-01-20    46.0"
0,2026-01-22,87.14285714285714,"          date  demand
117 2026-01-15    95.0
118 2026-01-16   156.0
119 2026-01-17   117.0
120 2026-01-18    34.0
121 2026-01-19    24.0
122 2026-01-20    46.0
123 2026-01-21   138.0"
0,2026-01-23,88.71428571428571,"          date  demand
118 2026-01-16   156.0
119 2026-01-17   117.0
120 2026-01-18    34.0
121 2026-01-19    24.0
122 2026-01-20    46.0
123 2026-01-21   138.0
124 2026-01-22   106.0"
0,2026-01-24,93.28571428571429,"          date  demand
119 2026-01-17   117.0
120 2026-01-18    34.0
121 2026-01-19    24.0
122 2026-01-20    46.0
123 2026-01-21   138.0
124 2026-01-22   106.0
125 2026-01-23   188.0"
0,2026-01-25,92.57142857142857,"          date  demand
120 2026-01-18    34.0
121 2026-01-19    24.0
122 2026-01-20    46.0
123 2026-01-21   138.0
124 2026-01-22   106.0
125 2026-01-23   188.0
126 2026-01-24   112.0"
0,2026-01-26,93.14285714285714,"          date  demand
121 2026-01-19    24.0
122 2026-01-20    46.0
123 2026-01-21   138.0
124 2026-01-22   106.0
125 2026-01-23   188.0
126 2026-01-24   112.0
127 2026-01-25    38.0"
0,2026-01-27,107.14285714285714,"          date  demand
122 2026-01-20    46.0
123 2026-01-21   138.0
124 2026-01-22   106.0
125 2026-01-23   188.0
126 2026-01-24   112.0
127 2026-01-25    38.0
128 2026-01-26   122.0"
0,2026-01-28,118.28571428571429,"          date  demand
123 2026-01-21   138.0
124 2026-01-22   106.0
125 2026-01-23   188.0
126 2026-01-24   112.0
127 2026-01-25    38.0
128 2026-01-26   122.0
129 2026-01-27   124.0"
0,2026-01-29,111.28571428571429,"          date  demand
124 2026-01-22   106.0
125 2026-01-23   188.0
126 2026-01-24   112.0
127 2026-01-25    38.0
128 2026-01-26   122.0
129 2026-01-27   124.0
130 2026-01-28    89.0"
0,2026-01-30,100.14285714285714,"          date  demand
125 2026-01-23   188.0
126 2026-01-24   112.0
127 2026-01-25    38.0
128 2026-01-26   122.0
129 2026-01-27   124.0
130 2026-01-28    89.0
131 2026-01-29    28.0"
0,2026-01-31,79.57142857142857,"          date  demand
126 2026-01-24   112.0
127 2026-01-25    38.0
128 2026-01-26   122.0
129 2026-01-27   124.0
130 2026-01-28    89.0
131 2026-01-29    28.0
132 2026-01-30    44.0"
0,2026-02-01,68.71428571428571,"          date  demand
127 2026-01-25    38.0
128 2026-01-26   122.0
129 2026-01-27   124.0
130 2026-01-28    89.0
131 2026-01-29    28.0
132 2026-01-30    44.0
133 2026-01-31    36.0"
0,2026-02-02,64.42857142857143,"          date  demand
128 2026-01-26   122.0
129 2026-01-27   124.0
130 2026-01-28    89.0
131 2026-01-29    28.0
132 2026-01-30    44.0
133 2026-01-31    36.0
134 2026-02-01     8.0"
0,2026-02-03,53.142857142857146,"          date  demand
129 2026-01-27   124.0
130 2026-01-28    89.0
131 2026-01-29    28.0
132 2026-01-30    44.0
133 2026-01-31    36.0
134 2026-02-01     8.0
135 2026-02-02    43.0"
0,2026-02-04,44.142857142857146,"          date  demand
130 2026-01-28    89.0
131 2026-01-29    28.0
132 2026-01-30    44.0
133 2026-01-31    36.0
134 2026-02-01     8.0
135 2026-02-02    43.0
136 2026-02-03    61.0"
0,2026-02-05,40.857142857142854,"          date  demand
131 2026-01-29    28.0
132 2026-01-30    44.0
133 2026-01-31    36.0
134 2026-02-01     8.0
135 2026-02-02    43.0
136 2026-02-03    61.0
137 2026-02-04    66.0"
0,2026-02-06,46.714285714285715,"          date  demand
132 2026-01-30    44.0
133 2026-01-31    36.0
134 2026-02-01     8.0
135 2026-02-02    43.0
136 2026-02-03    61.0
137 2026-02-04    66.0
138 2026-02-05    69.0"
0,2026-02-07,51.285714285714285,"          date  demand
133 2026-01-31    36.0
134 2026-02-01     8.0
135 2026-02-02    43.0
136 2026-02-03    61.0
137 2026-02-04    66.0
138 2026-02-05    69.0
139 2026-02-06    76.0"
0,2026-02-08,53.57142857142857,"          date  demand
134 2026-02-01     8.0
135 2026-02-02    43.0
136 2026-02-03    61.0
137 2026-02-04    66.0
138 2026-02-05    69.0
139 2026-02-06    76.0
140 2026-02-07    52.0"
0,2026-02-09,58.142857142857146,"          date  demand
135 2026-02-02    43.0
136 2026-02-03    61.0
137 2026-02-04    66.0
138 2026-02-05    69.0
139 2026-02-06    76.0
140 2026-02-07    52.0
141 2026-02-08    40.0"
0,2026-02-10,63.0,"          date  demand
136 2026-02-03    61.0
137 2026-02-04    66.0
138 2026-02-05    69.0
139 2026-02-06    76.0
140 2026-02-07    52.0
141 2026-02-08    40.0
142 2026-02-09    77.0"
0,2026-02-11,65.42857142857143,"          date  demand
137 2026-02-04    66.0
138 2026-02-05    69.0
139 2026-02-06    76.0
140 2026-02-07    52.0
141 2026-02-08    40.0
142 2026-02-09    77.0
143 2026-02-10    78.0"
0,2026-02-12,66.0,"          date  demand
138 2026-02-05    69.0
139 2026-02-06    76.0
140 2026-02-07    52.0
141 2026-02-08    40.0
142 2026-02-09    77.0
143 2026-02-10    78.0
144 2026-02-11    70.0"
0,2026-02-13,67.85714285714286,"          date  demand
139 2026-02-06    76.0
140 2026-02-07    52.0
141 2026-02-08    40.0
142 2026-02-09    77.0
143 2026-02-10    78.0
144 2026-02-11    70.0
145 2026-02-12    82.0"
0,2026-02-14,75.0,"          date  demand
140 2026-02-07    52.0
141 2026-02-08    40.0
142 2026-02-09    77.0
143 2026-02-10    78.0
144 2026-02-11    70.0
145 2026-02-12    82.0
146 2026-02-13   126.0"
0,2026-02-15,83.42857142857143,"          date  demand
141 2026-02-08    40.0
142 2026-02-09    77.0
143 2026-02-10    78.0
144 2026-02-11    70.0
145 2026-02-12    82.0
146 2026-02-13   126.0
147 2026-02-14   111.0"
0,2026-02-16,83.28571428571429,"          date  demand
142 2026-02-09    77.0
143 2026-02-10    78.0
144 2026-02-11    70.0
145 2026-02-12    82.0
146 2026-02-13   126.0
147 2026-02-14   111.0
148 2026-02-15    39.0"
0,2026-02-17,81.14285714285714,"          date  demand
143 2026-02-10    78.0
144 2026-02-11    70.0
145 2026-02-12    82.0
146 2026-02-13   126.0
147 2026-02-14   111.0
148 2026-02-15    39.0
149 2026-02-16    62.0"
0,2026-02-18,82.14285714285714,"          date  demand
144 2026-02-11    70.0
145 2026-02-12    82.0
146 2026-02-13   126.0
147 2026-02-14   111.0
148 2026-02-15    39.0
149 2026-02-16    62.0
150 2026-02-17    85.0"
0,2026-02-19,82.28571428571429,"          date  demand
145 2026-02-12    82.0
146 2026-02-13   126.0
147 2026-02-14   111.0
148 2026-02-15    39.0
149 2026-02-16    62.0
150 2026-02-17    85.0
151 2026-02-18    71.0"
0,2026-02-20,88.85714285714286,"          date  demand
146 2026-02-13   126.0
147 2026-02-14   111.0
148 2026-02-15    39.0
149 2026-02-16    62.0
150 2026-02-17    85.0
151 2026-02-18    71.0
152 2026-02-19   128.0"
0,2026-02-21,97.28571428571429,"          date  demand
147 2026-02-14   111.0
148 2026-02-15    39.0
149 2026-02-16    62.0
150 2026-02-17    85.0
151 2026-02-18    71.0
152 2026-02-19   128.0
153 2026-02-20   185.0"
0,2026-02-22,97.71428571428571,"          date  demand
148 2026-02-15    39.0
149 2026-02-16    62.0
150 2026-02-17    85.0
151 2026-02-18    71.0
152 2026-02-19   128.0
153 2026-02-20   185.0
154 2026-02-21   114.0"
0,2026-02-23,96.14285714285714,"          date  demand
149 2026-02-16    62.0
150 2026-02-17    85.0
151 2026-02-18    71.0
152 2026-02-19   128.0
153 2026-02-20   185.0
154 2026-02-21   114.0
155 2026-02-22    28.0"
0,2026-02-24,98.14285714285714,"          date  demand
150 2026-02-17    85.0
151 2026-02-18    71.0
152 2026-02-19   128.0
153 2026-02-20   185.0
154 2026-02-21   114.0
155 2026-02-22    28.0
156 2026-02-23    76.0"
0,2026-02-25,96.57142857142857,"          date  demand
151 2026-02-18    71.0
152 2026-02-19   128.0
153 2026-02-20   185.0
154 2026-02-21   114.0
155 2026-02-22    28.0
156 2026-02-23    76.0
157 2026-02-24    74.0"
0,2026-02-26,95.85714285714286,"          date  demand
152 2026-02-19   128.0
153 2026-02-20   185.0
154 2026-02-21   114.0
155 2026-02-22    28.0
156 2026-02-23    76.0
157 2026-02-24    74.0
158 2026-02-25    66.0"
0,2026-02-27,85.42857142857143,"          date  demand
153 2026-02-20   185.0
154 2026-02-21   114.0
155 2026-02-22    28.0
156 2026-02-23    76.0
157 2026-02-24    74.0
158 2026-02-25    66.0
159 2026-02-26    55.0"
